{
  "credit": "Made with Blockbench",
  "elements": [
    {
      "from": [
        2.25,
        0.05,
        5
      ],
      "to": [
        5,
        2.8,
        13
      ],
      "rotation": {
        "angle": 22.5,
        "axis": "y",
        "origin": [
          0,
          0,
          5
        ]
      },
      "faces": {
        "north": {
          "uv": [
            2,
            4,
            3,
            5
          ],
          "texture": "#0"
        },
        "east": {
          "uv": [
            6.75,
            13,
            7.75,
            16
          ],
          "rotation": 270,
          "texture": "#0"
        },
        "south": {
          "uv": [
            1,
            4,
            2,
            5
          ],
          "texture": "#0"
        },
        "west": {
          "uv": [
            5.75,
            13,
            6.75,
            16
          ],
          "rotation": 90,
          "texture": "#0"
        },
        "up": {
          "uv": [
            1,
            5,
            2,
            8
          ],
          "rotation": 180,
          "texture": "#0"
        },
        "down": {
          "uv": [
            3,
            5,
            4,
            8
          ],
          "texture": "#0"
        }
      }
    },
    {
      "from": [
        9.75,
        0.05,
        -1
      ],
      "to": [
        12.5,
        2.8,
        7
      ],
      "rotation": {
        "angle": -22.5,
        "axis": "y",
        "origin": [
          0,
          0,
          5
        ]
      },
      "faces": {
        "north": {
          "uv": [
            2,
            4,
            3,
            5
          ],
          "texture": "#0"
        },
        "east": {
          "uv": [
            7,
            13,
            8,
            16
          ],
          "rotation": 270,
          "texture": "#0"
        },
        "south": {
          "uv": [
            1,
            4,
            2,
            5
          ],
          "texture": "#0"
        },
        "west": {
          "uv": [
            5.75,
            13,
            6.75,
            16
          ],
          "rotation": 90,
          "texture": "#0"
        },
        "up": {
          "uv": [
            3,
            5,
            4,
            8
          ],
          "rotation": 180,
          "texture": "#0"
        },
        "down": {
          "uv": [
            5.25,
            13,
            6.25,
            16
          ],
          "texture": "#0"
        }
      }
    },
    {
      "from": [
        5,
        0,
        10
      ],
      "to": [
        11,
        10,
        13
      ],
      "rotation": {
        "angle": 0,
        "axis": "y",
        "origin": [
          0,
          0,
          3
        ]
      },
      "faces": {
        "north": {
          "uv": [
            5,
            5,
            7,
            8
          ],
          "texture": "#0"
        },
        "east": {
          "uv": [
            4,
            5,
            5,
            8
          ],
          "texture": "#0"
        },
        "south": {
          "uv": [
            8,
            5,
            10,
            8
          ],
          "texture": "#0"
        },
        "west": {
          "uv": [
            7,
            5,
            8,
            8
          ],
          "texture": "#0"
        },
        "up": {
          "uv": [
            5,
            4,
            7,
            5
          ],
          "texture": "#0"
        },
        "down": {
          "uv": [
            7,
            4,
            9,
            5
          ],
          "texture": "#0"
        }
      }
    },
    {
      "from": [
        5.5,
        10,
        8.75
      ],
      "to": [
        10.5,
        15,
        13.75
      ],
      "rotation": {
        "angle": 0,
        "axis": "y",
        "origin": [
          0,
          0,
          3
        ]
      },
      "faces": {
        "north": {
          "uv": [
            2,
            2,
            4,
            4
          ],
          "texture": "#0"
        },
        "east": {
          "uv": [
            0,
            2,
            2,
            4
          ],
          "texture": "#0"
        },
        "south": {
          "uv": [
            4.75,
            2,
            6.75,
            4
          ],
          "texture": "#0"
        },
        "west": {
          "uv": [
            4,
            2,
            6,
            4
          ],
          "texture": "#0"
        },
        "up": {
          "uv": [
            2,
            0,
            4,
            2
          ],
          "texture": "#0"
        },
        "down": {
          "uv": [
            4,
            0,
            6,
            2
          ],
          "texture": "#0"
        }
      }
    },
    {
      "from": [
        11,
        3.25,
        7.75
      ],
      "to": [
        13,
        5.5,
        15
      ],
      "rotation": {
        "angle": -22.5,
        "axis": "x",
        "origin": [
          0,
          0,
          3
        ]
      },
      "faces": {
        "north": {
          "uv": [
            7,
            4,
            8,
            5
          ],
          "rotation": 180,
          "texture": "#0"
        },
        "east": {
          "uv": [
            10,
            5,
            11,
            8
          ],
          "rotation": 270,
          "texture": "#0"
        },
        "south": {
          "uv": [
            8.5,
            13,
            9.5,
            14
          ],
          "texture": "#0"
        },
        "west": {
          "uv": [
            11.75,
            5,
            12.75,
            8
          ],
          "rotation": 90,
          "texture": "#0"
        },
        "up": {
          "uv": [
            8.75,
            13,
            9.75,
            16
          ],
          "rotation": 180,
          "texture": "#0"
        },
        "down": {
          "uv": [
            12.5,
            5,
            13.5,
            8
          ],
          "texture": "#0"
        }
      }
    },
    {
      "from": [
        3,
        7.25,
        5.5
      ],
      "to": [
        5,
        9.5,
        12.75
      ],
      "rotation": {
        "angle": 0,
        "axis": "y",
        "origin": [
          0,
          0,
          3
        ]
      },
      "faces": {
        "north": {
          "uv": [
            8,
            4,
            9,
            5
          ],
          "rotation": 180,
          "texture": "#0"
        },
        "east": {
          "uv": [
            10,
            5,
            11,
            8
          ],
          "rotation": 270,
          "texture": "#0"
        },
        "south": {
          "uv": [
            10.25,
            13.25,
            11.25,
            14.25
          ],
          "texture": "#0"
        },
        "west": {
          "uv": [
            12.5,
            5,
            13.5,
            8
          ],
          "rotation": 90,
          "texture": "#0"
        },
        "up": {
          "uv": [
            11,
            5,
            12,
            8
          ],
          "rotation": 180,
          "texture": "#0"
        },
        "down": {
          "uv": [
            12,
            5,
            13,
            8
          ],
          "texture": "#0"
        }
      }
    }
  ],
  "groups": [
    {
      "name": "bone",
      "origin": [
        0,
        0,
        0
      ],
      "color": 0,
      "children": [
        0,
        1,
        2,
        3,
        4,
        5
      ]
    }
  ]
}