{
  "credit": "Made with Blockbench",
  "elements": [
    {
      "from": [
        7.2,
        0.25,
        2
      ],
      "to": [
        9.95,
        3,
        10
      ],
      "rotation": {
        "angle": 22.5,
        "axis": "y",
        "origin": [
          10,
          -2,
          2
        ]
      },
      "faces": {
        "north": {
          "uv": [
            2,
            4,
            3,
            5
          ],
          "rotation": 90,
          "texture": "#0"
        },
        "east": {
          "uv": [
            3,
            5,
            4,
            8
          ],
          "rotation": 270,
          "texture": "#0"
        },
        "south": {
          "uv": [
            1,
            4,
            2,
            5
          ],
          "rotation": 270,
          "texture": "#0"
        },
        "west": {
          "uv": [
            1,
            5,
            2,
            8
          ],
          "rotation": 90,
          "texture": "#0"
        },
        "up": {
          "uv": [
            6.75,
            13,
            7.75,
            16
          ],
          "rotation": 180,
          "texture": "#0"
        },
        "down": {
          "uv": [
            5.75,
            13,
            6.75,
            16
          ],
          "texture": "#0"
        }
      }
    },
    {
      "from": [
        11.75,
        2.05,
        4
      ],
      "to": [
        14.5,
        4.8,
        12
      ],
      "rotation": {
        "angle": -22.5,
        "axis": "x",
        "origin": [
          2,
          2,
          10
        ]
      },
      "faces": {
        "north": {
          "uv": [
            2,
            4,
            3,
            5
          ],
          "texture": "#0"
        },
        "east": {
          "uv": [
            7,
            13,
            8,
            16
          ],
          "rotation": 270,
          "texture": "#0"
        },
        "south": {
          "uv": [
            1,
            4,
            2,
            5
          ],
          "texture": "#0"
        },
        "west": {
          "uv": [
            1,
            5,
            2,
            8
          ],
          "rotation": 90,
          "texture": "#0"
        },
        "up": {
          "uv": [
            3,
            5,
            4,
            8
          ],
          "rotation": 180,
          "texture": "#0"
        },
        "down": {
          "uv": [
            5.25,
            13,
            6.25,
            16
          ],
          "texture": "#0"
        }
      }
    },
    {
      "from": [
        0,
        0,
        9
      ],
      "to": [
        10,
        6,
        12
      ],
      "rotation": {
        "angle": -22.5,
        "axis": "z",
        "origin": [
          10,
          -5,
          2
        ]
      },
      "faces": {
        "north": {
          "uv": [
            5,
            5,
            7,
            8
          ],
          "rotation": 90,
          "texture": "#0"
        },
        "east": {
          "uv": [
            7,
            4,
            9,
            5
          ],
          "rotation": 270,
          "texture": "#0"
        },
        "south": {
          "uv": [
            8,
            5,
            10,
            8
          ],
          "rotation": 270,
          "texture": "#0"
        },
        "west": {
          "uv": [
            5,
            4,
            7,
            5
          ],
          "rotation": 270,
          "texture": "#0"
        },
        "up": {
          "uv": [
            4,
            5,
            5,
            8
          ],
          "rotation": 270,
          "texture": "#0"
        },
        "down": {
          "uv": [
            7,
            5,
            8,
            8
          ],
          "rotation": 270,
          "texture": "#0"
        }
      }
    },
    {
      "from": [
        -10,
        -1.5,
        7.75
      ],
      "to": [
        -5,
        3.5,
        12.75
      ],
      "rotation": {
        "angle": -45,
        "axis": "z",
        "origin": [
          5,
          -7,
          2
        ]
      },
      "faces": {
        "north": {
          "uv": [
            2,
            2,
            4,
            4
          ],
          "rotation": 90,
          "texture": "#0"
        },
        "east": {
          "uv": [
            4,
            0,
            6,
            2
          ],
          "rotation": 270,
          "texture": "#0"
        },
        "south": {
          "uv": [
            6,
            2,
            8,
            4
          ],
          "rotation": 270,
          "texture": "#0"
        },
        "west": {
          "uv": [
            2,
            0,
            4,
            2
          ],
          "rotation": 270,
          "texture": "#0"
        },
        "up": {
          "uv": [
            0,
            2,
            2,
            4
          ],
          "rotation": 270,
          "texture": "#0"
        },
        "down": {
          "uv": [
            4,
            2,
            6,
            4
          ],
          "rotation": 270,
          "texture": "#0"
        }
      }
    },
    {
      "from": [
        7,
        1.75,
        -0.5
      ],
      "to": [
        9,
        9,
        1.75
      ],
      "rotation": {
        "angle": 45,
        "axis": "x",
        "origin": [
          -4,
          -3,
          5
        ]
      },
      "faces": {
        "north": {
          "uv": [
            8.75,
            13,
            9.75,
            16
          ],
          "texture": "#0"
        },
        "east": {
          "uv": [
            10,
            5,
            11,
            8
          ],
          "texture": "#0"
        },
        "south": {
          "uv": [
            12.5,
            5,
            13.5,
            8
          ],
          "texture": "#0"
        },
        "west": {
          "uv": [
            11.75,
            5,
            12.75,
            8
          ],
          "texture": "#0"
        },
        "up": {
          "uv": [
            8.5,
            13,
            9.5,
            14
          ],
          "texture": "#0"
        },
        "down": {
          "uv": [
            10,
            12,
            11,
            13
          ],
          "texture": "#0"
        }
      }
    },
    {
      "from": [
        1,
        2.25,
        4.5
      ],
      "to": [
        3,
        4.5,
        11.75
      ],
      "rotation": {
        "angle": -22.5,
        "axis": "z",
        "origin": [
          -2,
          -5,
          2
        ]
      },
      "faces": {
        "north": {
          "uv": [
            12,
            4,
            13,
            5
          ],
          "rotation": 180,
          "texture": "#0"
        },
        "east": {
          "uv": [
            10,
            5,
            11,
            8
          ],
          "rotation": 270,
          "texture": "#0"
        },
        "south": {
          "uv": [
            10.25,
            13.25,
            11.25,
            14.25
          ],
          "texture": "#0"
        },
        "west": {
          "uv": [
            12.5,
            5,
            13.5,
            8
          ],
          "rotation": 90,
          "texture": "#0"
        },
        "up": {
          "uv": [
            11,
            5,
            12,
            8
          ],
          "rotation": 180,
          "texture": "#0"
        },
        "down": {
          "uv": [
            12,
            5,
            13,
            8
          ],
          "texture": "#0"
        }
      }
    }
  ],
  "groups": [
    {
      "name": "bone",
      "origin": [
        0,
        0,
        0
      ],
      "color": 0,
      "children": [
        0,
        1,
        2,
        3,
        4,
        5
      ]
    }
  ]
}