{
  "credit": "Made with Blockbench",
  "elements": [
    {
      "from": [
        2.25,
        1,
        10.2
      ],
      "to": [
        5,
        9,
        12.95
      ],
      "rotation": {
        "angle": -22.5,
        "axis": "z",
        "origin": [
          0,
          1,
          13
        ]
      },
      "faces": {
        "north": {
          "uv": [
            3,
            5,
            4,
            8
          ],
          "texture": "#0"
        },
        "east": {
          "uv": [
            6.75,
            13,
            7.75,
            16
          ],
          "texture": "#0"
        },
        "south": {
          "uv": [
            3,
            5,
            4,
            8
          ],
          "texture": "#0"
        },
        "west": {
          "uv": [
            5.75,
            13,
            6.75,
            16
          ],
          "texture": "#0"
        },
        "up": {
          "uv": [
            1,
            4,
            2,
            5
          ],
          "texture": "#0"
        },
        "down": {
          "uv": [
            2,
            4,
            3,
            5
          ],
          "rotation": 180,
          "texture": "#0"
        }
      }
    },
    {
      "from": [
        9.75,
        -5,
        10.2
      ],
      "to": [
        12.5,
        3,
        12.95
      ],
      "rotation": {
        "angle": 22.5,
        "axis": "z",
        "origin": [
          0,
          1,
          13
        ]
      },
      "faces": {
        "north": {
          "uv": [
            1,
            5,
            2,
            8
          ],
          "texture": "#0"
        },
        "east": {
          "uv": [
            0,
            5,
            1,
            8
          ],
          "texture": "#0"
        },
        "south": {
          "uv": [
            5,
            13,
            6,
            16
          ],
          "texture": "#0"
        },
        "west": {
          "uv": [
            5.75,
            13,
            6.75,
            16
          ],
          "texture": "#0"
        },
        "up": {
          "uv": [
            1,
            4,
            2,
            5
          ],
          "texture": "#0"
        },
        "down": {
          "uv": [
            2,
            4,
            3,
            5
          ],
          "rotation": 180,
          "texture": "#0"
        }
      }
    },
    {
      "from": [
        5,
        7,
        10
      ],
      "to": [
        11,
        15,
        13
      ],
      "rotation": {
        "angle": 0,
        "axis": "y",
        "origin": [
          0,
          7,
          3
        ]
      },
      "faces": {
        "north": {
          "uv": [
            5,
            5,
            7,
            8
          ],
          "texture": "#0"
        },
        "east": {
          "uv": [
            4,
            5,
            5,
            8
          ],
          "texture": "#0"
        },
        "south": {
          "uv": [
            8,
            5,
            10,
            7.75
          ],
          "texture": "#0"
        },
        "west": {
          "uv": [
            7,
            5,
            8,
            8
          ],
          "texture": "#0"
        },
        "up": {
          "uv": [
            9,
            12,
            9.75,
            13.5
          ],
          "rotation": 270,
          "texture": "#0"
        },
        "down": {
          "uv": [
            7,
            4,
            9,
            5
          ],
          "texture": "#0"
        }
      }
    },
    {
      "from": [
        5.5,
        19,
        5.75
      ],
      "to": [
        10.5,
        24,
        10.75
      ],
      "rotation": {
        "angle": 22.5,
        "axis": "x",
        "origin": [
          0,
          9,
          0
        ]
      },
      "faces": {
        "north": {
          "uv": [
            2,
            2,
            4,
            4
          ],
          "texture": "#0"
        },
        "east": {
          "uv": [
            0,
            2,
            2,
            4
          ],
          "texture": "#0"
        },
        "south": {
          "uv": [
            6,
            2,
            8,
            4
          ],
          "texture": "#0"
        },
        "west": {
          "uv": [
            4,
            2,
            6,
            4
          ],
          "texture": "#0"
        },
        "up": {
          "uv": [
            2,
            0,
            4,
            2
          ],
          "texture": "#0"
        },
        "down": {
          "uv": [
            4,
            0,
            6,
            2
          ],
          "texture": "#0"
        }
      }
    },
    {
      "from": [
        14.75,
        10.5,
        11
      ],
      "to": [
        18,
        12.75,
        13
      ],
      "rotation": {
        "angle": 22.5,
        "axis": "y",
        "origin": [
          6,
          7,
          24
        ]
      },
      "faces": {
        "north": {
          "uv": [
            10,
            5,
            11,
            8
          ],
          "rotation": 270,
          "texture": "#0"
        },
        "east": {
          "uv": [
            9.5,
            12,
            10.5,
            13
          ],
          "texture": "#0"
        },
        "south": {
          "uv": [
            10.5,
            5,
            11.5,
            8
          ],
          "rotation": 90,
          "texture": "#0"
        },
        "west": {
          "uv": [
            6,
            12,
            7,
            13
          ],
          "rotation": 180,
          "texture": "#0"
        },
        "up": {
          "uv": [
            9.25,
            13,
            10.25,
            16
          ],
          "rotation": 90,
          "texture": "#0"
        },
        "down": {
          "uv": [
            10.25,
            13,
            11.25,
            16
          ],
          "rotation": 90,
          "texture": "#0"
        }
      }
    },
    {
      "from": [
        11,
        7.25,
        11.75
      ],
      "to": [
        13,
        9.5,
        15
      ],
      "rotation": {
        "angle": -22.5,
        "axis": "x",
        "origin": [
          0,
          4,
          3
        ]
      },
      "faces": {
        "north": {
          "uv": [
            6,
            12,
            7,
            13
          ],
          "rotation": 180,
          "texture": "#0"
        },
        "east": {
          "uv": [
            10,
            5,
            11,
            8
          ],
          "rotation": 270,
          "texture": "#0"
        },
        "south": {
          "uv": [
            9,
            12,
            10,
            13
          ],
          "texture": "#0"
        },
        "west": {
          "uv": [
            10.5,
            5,
            11.5,
            8
          ],
          "rotation": 90,
          "texture": "#0"
        },
        "up": {
          "uv": [
            9,
            13,
            10,
            16
          ],
          "rotation": 180,
          "texture": "#0"
        },
        "down": {
          "uv": [
            10,
            13,
            11,
            16
          ],
          "texture": "#0"
        }
      }
    },
    {
      "from": [
        4.25,
        10.25,
        10.9
      ],
      "to": [
        7.5,
        12.5,
        12.9
      ],
      "rotation": {
        "angle": -22.5,
        "axis": "y",
        "origin": [
          13.5,
          3,
          8
        ]
      },
      "faces": {
        "north": {
          "uv": [
            10.25,
            13,
            11.25,
            16
          ],
          "rotation": 90,
          "texture": "#0"
        },
        "east": {
          "uv": [
            7,
            14.25,
            8,
            15.25
          ],
          "rotation": 180,
          "texture": "#0"
        },
        "south": {
          "uv": [
            10,
            5,
            11,
            8
          ],
          "rotation": 270,
          "texture": "#0"
        },
        "west": {
          "uv": [
            3,
            6.75,
            4,
            7.75
          ],
          "texture": "#0"
        },
        "up": {
          "uv": [
            10.5,
            5,
            11.5,
            8
          ],
          "rotation": 270,
          "texture": "#0"
        },
        "down": {
          "uv": [
            9.25,
            13,
            10.25,
            16
          ],
          "rotation": 270,
          "texture": "#0"
        }
      }
    },
    {
      "from": [
        3,
        8.25,
        12.7
      ],
      "to": [
        5,
        10.5,
        15.95
      ],
      "rotation": {
        "angle": -22.5,
        "axis": "x",
        "origin": [
          0,
          1,
          6.4
        ]
      },
      "faces": {
        "north": {
          "uv": [
            7,
            14.25,
            8,
            15.25
          ],
          "rotation": 180,
          "texture": "#0"
        },
        "east": {
          "uv": [
            10,
            5,
            11,
            8
          ],
          "rotation": 270,
          "texture": "#0"
        },
        "south": {
          "uv": [
            11,
            4,
            12,
            5
          ],
          "texture": "#0"
        },
        "west": {
          "uv": [
            10.25,
            13,
            11.25,
            16
          ],
          "rotation": 90,
          "texture": "#0"
        },
        "up": {
          "uv": [
            10.5,
            5,
            11.5,
            8
          ],
          "rotation": 180,
          "texture": "#0"
        },
        "down": {
          "uv": [
            9.25,
            13,
            10.25,
            16
          ],
          "texture": "#0"
        }
      }
    }
  ],
  "groups": [
    {
      "name": "bone",
      "origin": [
        0,
        0,
        0
      ],
      "color": 0,
      "children": [
        0,
        1,
        2,
        3,
        4,
        5,
        6,
        7
      ]
    }
  ]
}