{
	"credit": "Made with Blockbench",
	"textures": {
		"0": "plushies:block/endermite_plushie",
		"particle": "minecraft:block/black_wool"
	},
	"elements": [
		{
			"from": [6.03, 0, 10.1],
			"to": [8.28, 7, 12.85],
			"rotation": {"angle": 0, "axis": "y", "origin": [3.5, -1, 13]},
			"faces": {
				"north": {"uv": [3, 5, 4, 8], "texture": "#0"},
				"east": {"uv": [6.75, 13, 7.75, 16], "texture": "#0"},
				"south": {"uv": [3, 5, 4, 8], "texture": "#0"},
				"west": {"uv": [5.75, 13, 6.75, 16], "texture": "#0"},
				"up": {"uv": [1, 4, 2, 5], "texture": "#0"},
				"down": {"uv": [2, 4, 3, 5], "rotation": 180, "texture": "#0"}
			}
		},
		{
			"from": [8.75, 0, 10.2],
			"to": [11, 7, 12.95],
			"rotation": {"angle": 0, "axis": "z", "origin": [-1, 5, 13]},
			"faces": {
				"north": {"uv": [1, 5, 2, 8], "texture": "#0"},
				"east": {"uv": [0, 5, 1, 8], "texture": "#0"},
				"south": {"uv": [5, 13, 6, 16], "texture": "#0"},
				"west": {"uv": [5.75, 13, 6.75, 16], "texture": "#0"},
				"up": {"uv": [1, 4, 2, 5], "texture": "#0"},
				"down": {"uv": [2, 4, 3, 5], "rotation": 180, "texture": "#0"}
			}
		},
		{
			"from": [6, 7, 10],
			"to": [11, 15, 13],
			"rotation": {"angle": 0, "axis": "y", "origin": [0, 7, 3]},
			"faces": {
				"north": {"uv": [5, 5, 7, 8], "texture": "#0"},
				"east": {"uv": [4, 5, 5, 8], "texture": "#0"},
				"south": {"uv": [8, 5, 10, 7.75], "texture": "#0"},
				"west": {"uv": [7, 5, 8, 8], "texture": "#0"},
				"up": {"uv": [9, 12, 9.75, 13.5], "rotation": 270, "texture": "#0"},
				"down": {"uv": [7, 4, 9, 5], "texture": "#0"}
			}
		},
		{
			"from": [6, 18.9, 5.75],
			"to": [11, 23.9, 10.75],
			"rotation": {"angle": 22.5, "axis": "x", "origin": [0, 8, 0]},
			"faces": {
				"north": {"uv": [2, 2, 4, 4], "texture": "#0"},
				"east": {"uv": [0, 2, 2, 4], "texture": "#0"},
				"south": {"uv": [6, 2, 8, 4], "texture": "#0"},
				"west": {"uv": [4, 2, 6, 4], "texture": "#0"},
				"up": {"uv": [2, 0, 4, 2], "texture": "#0"},
				"down": {"uv": [4, 0, 6, 2], "texture": "#0"}
			}
		},
		{
			"from": [11, 18.75, 10.5],
			"to": [13, 23, 12.75],
			"rotation": {"angle": -45, "axis": "z", "origin": [-0.3, 14.1, 16]},
			"faces": {
				"north": {"uv": [9, 14.5, 10, 16], "texture": "#0"},
				"east": {"uv": [8, 14.25, 9, 16], "texture": "#0"},
				"south": {"uv": [10, 14.25, 11, 16], "texture": "#0"},
				"west": {"uv": [10.5, 6.5, 11.25, 8], "texture": "#0"},
				"up": {"uv": [9.75, 14.5, 10.75, 15.5], "texture": "#0"},
				"down": {"uv": [11.5, 6.25, 12.5, 7.25], "texture": "#0"}
			}
		},
		{
			"from": [22, 5.75, 10.5],
			"to": [24, 9, 12.75],
			"rotation": {"angle": 45, "axis": "z", "origin": [11, -3, 16]},
			"faces": {
				"north": {"uv": [9, 13, 10, 16], "texture": "#0"},
				"east": {"uv": [10, 5, 11, 8], "texture": "#0"},
				"south": {"uv": [10, 13, 11, 16], "texture": "#0"},
				"west": {"uv": [10.5, 5, 11.5, 8], "texture": "#0"},
				"up": {"uv": [12.25, 5, 13.25, 6], "texture": "#0"},
				"down": {"uv": [11.5, 6.25, 12.5, 7.25], "texture": "#0"}
			}
		},
		{
			"from": [4, 16.25, 2.7],
			"to": [6, 18.5, 9.95],
			"rotation": {"angle": 22.5, "axis": "x", "origin": [1, 9, 0.4]},
			"faces": {
				"north": {"uv": [11.5, 4, 12.5, 5], "rotation": 180, "texture": "#0"},
				"east": {"uv": [10, 5, 11, 8], "rotation": 270, "texture": "#0"},
				"south": {"uv": [12.5, 5.25, 13.5, 6.25], "texture": "#0"},
				"west": {"uv": [10.25, 13, 11.25, 16], "rotation": 90, "texture": "#0"},
				"up": {"uv": [10.5, 5, 11.5, 8], "rotation": 180, "texture": "#0"},
				"down": {"uv": [9.25, 13, 10.25, 16], "texture": "#0"}
			}
		}
	],
	"groups": [
		{
			"name": "bone",
			"origin": [0, 0, 0],
			"color": 0,
			"children": [0, 1, 2, 3, 4, 5, 6]
		}
	]
}